activity,acceleration_x,acceleration_y,acceleration_z,gyro_x,gyro_y,gyro_z
0,-0.027731,-0.220015,0.042782,-0.936869,-0.101473,0.098869
0,-0.044922,-0.920506,0.51809,-1.047961,0.038617,-0.008945
0,0.893814,-0.828912,0.37736,-0.099329,0.252701,-0.753677
0,-1.068357,1.399551,0.350074,-0.642179,0.025365,0.091059
0,0.733089,-1.666205,0.248665,-0.964063,-0.060999,0.124835
0,1.405513,-0.558094,0.1786,0.326086,0.697711,-0.799313
0,-0.244817,-0.286806,-0.161053,0.112051,0.836554,-0.401538
0,0.030771,-0.137835,0.158137,0.008151,0.894452,-0.402213
0,-0.020611,1.000091,0.800962,-0.024591,0.794775,-0.315784
0,0.161373,0.484829,-0.434199,0.080157,0.841208,-0.284225
0,0.007295,-1.080401,-0.057478,0.07984,0.937686,-0.486984
0,0.069127,-0.02282,-0.450523,-0.032648,1.100247,-0.41911
0,-0.102717,-0.154955,0.047266,0.227282,0.808324,-0.457237
0,-0.022426,0.248807,0.566451,-0.053586,0.895541,-0.534824
0,0.429111,-0.007886,0.033158,0.297385,0.7284,-0.42276
0,-0.319337,0.152038,-0.183181,-0.002566,0.915988,-0.490835
0,0.362563,0.008539,0.627136,-0.097192,0.844681,-0.254865
0,0.177519,-0.669757,-0.356306,0.101293,1.0174,-0.408803
0,-0.150661,-0.731262,-0.396003,0.281891,0.804419,-0.429544
0,0.012823,0.278964,0.052207,0.041138,0.953217,-0.596225
0,-0.010312,0.4763,0.450636,0.006363,0.759494,-0.39622
0,-0.177013,-1.035825,-0.336658,0.035164,0.964687,-0.467709
0,-0.186359,-0.105885,-0.333848,0.304272,0.75773,-0.355463
0,0.63354,0.047164,0.090682,0.256848,0.93559,-0.848016
0,-0.438165,0.342073,-0.257215,-0.004486,1.052716,-0.682837
0,0.481285,0.101936,0.111789,-0.160324,1.046603,-0.6905
0,-0.211154,-0.443294,0.189731,0.010791,1.150308,-0.726419
0,-0.049764,0.644507,0.099367,-0.020245,0.89567,-0.487427
0,-0.322389,0.311816,-0.017049,0.102963,0.698871,-0.368652
0,0.205621,-0.03995,-0.363997,0.313651,0.780243,-0.350409
0,0.012332,0.093398,0.209396,0.132629,0.766974,-0.280026
0,0.222616,-0.264382,-0.069422,-0.21055,1.016339,-0.454346
0,0.037548,0.287183,0.173784,-0.078665,0.912961,-0.349698
0,0.000124,0.497877,0.073895,-0.081021,1.004071,-0.524213
0,0.003524,-0.159319,-0.265769,0.186194,1.059439,-0.586002
0,0.088984,0.022447,0.414995,0.217896,0.75452,-0.325601
0,-0.060065,0.567986,-0.417244,-0.090695,1.032233,-0.561896
0,0.148962,-0.72651,-0.142228,0.163022,0.810526,-0.4414
0,-0.171204,-0.130347,0.051768,-0.111423,0.850702,-0.219904
0,0.470343,0.448941,0.156701,-0.074515,0.895059,-0.571802
0,-0.317975,-0.054107,-0.002777,-0.13237,0.996625,-0.662656
0,0.120489,0.044151,-0.083378,-0.082657,0.944513,-0.548129
0,0.060132,-0.907098,-0.27129,0.216104,0.760953,-0.27066
0,0.024004,0.248056,0.099842,-0.231567,1.028827,-0.685672
0,-0.260292,0.589408,-0.027805,0.041934,0.997412,-0.360547
0,0.191667,-0.165363,-0.009812,-0.170784,0.970899,-0.629491
0,-0.122086,-0.741065,-0.295834,-0.13175,0.956879,-0.450012
0,-0.262271,0.121284,0.145555,-0.005521,0.999639,-0.521764
0,-0.206146,-0.713266,0.581551,0.123721,0.876065,-0.521829
0,-0.205453,-0.156251,0.253614,0.026242,0.850711,-0.420428
0,0.377534,0.783406,-0.051145,-0.162823,1.12103,-0.494794
0,-0.076813,-0.01026,0.768002,-0.147372,1.188098,-0.477145
0,0.239277,0.011267,-0.092139,-0.039636,1.03353,-0.389233
0,-0.148466,0.105021,0.123491,0.27681,0.773251,-0.752161
0,0.08207,-0.163558,-0.300958,0.294812,1.138116,-0.781482
0,-0.277187,-0.315217,-0.268306,0.051755,0.978848,-0.575439
0,0.008163,0.198297,0.350503,0.081851,0.811331,-0.419812
0,0.312168,-0.241212,-0.148113,0.214505,0.723254,-0.380606
0,-0.25697,0.195609,0.121257,0.00488,0.927426,-0.425464
0,0.581088,0.599977,0.206965,0.043518,0.757587,-0.431934
0,-0.491239,-0.660953,-0.228703,0.071759,0.856543,-0.369406
0,0.098293,-0.148649,0.23836,-0.175858,1.047293,-0.371106
0,0.24211,-0.597628,0.108324,-0.03056,0.871033,-0.382892
0,-0.024215,0.251995,0.40899,0.033423,1.006833,-0.71546
0,0.509581,0.859932,0.244851,-0.024937,0.74062,-0.246994
0,-0.45278,-0.664953,-0.491356,0.321011,0.747754,-0.437305
0,0.284766,0.61151,0.066828,0.27312,0.68544,-0.447394
0,-0.410534,-0.69038,-0.365176,0.263895,0.795206,-0.423978
0,0.157094,-0.034209,0.206568,-0.238913,1.008878,-0.540701
0,0.004778,-0.569963,-0.191745,-0.279401,1.05918,-0.403787
0,0.051974,0.604781,0.474101,0.124689,1.004071,-0.331689
0,0.050143,1.026275,-0.094869,-0.047653,1.120938,-0.523666
0,0.058295,0.527892,-0.588134,0.036078,0.992084,-0.634277
0,-0.268322,0.341612,-0.786063,-0.056885,0.836386,-0.340994
0,-0.057028,-0.07844,0.390779,0.113281,1.097949,-0.726865
0,0.112922,0.183708,-0.494788,0.078137,0.706204,-0.316464
0,-0.01922,-0.388346,-0.349289,0.092816,0.740256,-0.438193
0,-0.288087,-0.24751,-0.226986,0.191229,0.846881,-0.206805
0,-0.033286,-1.564426,-0.287464,0.082184,0.937778,-0.331195
0,-0.32564,0.44991,-0.543457,-0.142218,0.975781,-0.720685
0,0.205561,-0.324965,-0.508591,-0.198953,0.86131,-0.541852
0,-0.162231,0.693597,0.099959,-0.145956,0.804089,-0.535147
0,0.175275,0.415508,0.120739,-0.109311,1.006955,-0.452567
0,-0.052952,-0.679861,1.607043,0.227188,0.921515,-0.554834
0,0.192269,-0.890511,-0.21797,0.250519,0.74072,-0.282571
0,-0.21842,-0.60828,0.007736,-0.221005,0.838306,-0.388953
0,-0.150548,-0.558609,-0.253634,0.0897,0.931107,-0.638184
0,-0.053326,0.182223,0.517933,0.127628,0.914104,-0.726917
0,0.684681,-0.046171,-0.371706,-0.325488,1.049296,-0.533813
0,-0.13397,-0.832034,-0.150451,0.150845,0.779245,-0.376419
0,-0.089588,0.256749,0.15441,0.015147,0.889267,-0.490532
0,-0.781332,0.792329,0.211719,-0.03125,0.763242,-0.417065
0,0.225601,-0.338676,-0.394493,0.024142,0.965726,-0.510651
0,-0.019678,-0.156862,0.101911,0.117676,0.702203,-0.283011
0,0.608812,0.144978,0.187947,0.286429,0.765497,-0.307861
0,-0.138142,-0.613579,-0.759828,-0.154013,1.111185,-0.532867
0,0.098966,0.084315,0.387323,-0.048001,0.896341,-0.416116
0,-0.044163,0.226046,-0.329418,0.066617,1.017804,-0.676099
0,-0.221877,0.251351,-0.226419,0.03746,0.93775,-0.59855
0,-0.077786,-0.333692,-0.032618,0.064445,0.822868,-0.523968
0,-0.400682,0.603393,-0.00547,0.154779,0.608081,-0.343707
0,0.246957,-1.032353,0.066767,0.183646,0.664062,-0.327719
0,-0.265598,0.168808,0.006792,0.0689,0.880203,-0.49502
0,0.666158,-0.292475,-0.121091,-0.28959,1.12182,-0.575269
0,-0.132515,0.4772,-0.090187,0.175378,0.94942,-0.512479
0,-0.132841,-0.747077,-0.005947,0.206149,1.0625,-0.69924
0,0.417901,0.218735,-0.075275,0.18414,0.787781,-0.402411
0,-0.214235,-0.381115,0.058554,0.33555,1.039096,-0.482419
0,0.330458,0.773345,0.140384,-0.148859,1.070398,-0.441989
0,-0.445334,-0.499748,-0.654624,-0.167563,1.126215,-0.456116
0,-0.09266,1.649743,0.537783,-0.038123,0.855368,-0.497778
0,-0.184883,-0.379831,0.062341,0.025412,0.953372,-0.573587
0,-0.317825,0.288874,0.413077,-0.031113,1.00416,-0.769125
0,0.973932,0.730203,0.333743,0.069312,0.638507,-0.547736
0,-0.288006,-0.212367,-0.217632,0.047729,0.657367,-0.391849
0,0.581315,0.873734,0.682166,0.502286,0.993661,-0.52774
0,0.037304,-0.442154,-0.380087,-0.132285,0.973193,-0.404343
0,0.12723,0.326958,0.619023,-0.30618,0.892505,-0.346237
0,0.558883,-0.229181,-0.114836,0.008301,1.013351,-0.670392
0,-0.441589,-0.385504,-0.434038,-0.043005,0.858334,-0.597275
0,-0.023177,-0.716553,-0.139705,0.15629,0.580432,-0.522256
0,-0.475463,0.287967,-0.298859,0.022583,0.801971,-0.392407
0,-0.742094,0.860038,0.137922,-0.338528,0.597893,-0.520222
0,0.099057,-0.120484,0.422518,-0.801288,-0.682596,0.053732
0,-0.030011,-0.180814,0.041342,-0.832196,-0.62486,0.085608
0,0.195449,0.12955,0.065265,-0.67489,-0.725876,0.129385
0,-0.188443,-0.048743,0.014896,-0.602257,-0.736387,0.099988
0,-0.346387,0.59514,0.239592,-0.522104,-0.708795,0.108951
0,-0.69842,-0.648492,0.013047,-0.79429,-0.574268,0.311798
0,-0.400947,-0.776891,-0.013307,-0.919467,-0.461655,0.058069
0,0.216196,0.565443,0.08403,-0.734379,-0.656082,-0.133743
1,1.144603,-0.82503,-0.705525,-1.268365,0.159021,-0.199655
1,2.294975,0.373445,0.15822,0.253998,1.446017,-0.156665
1,-0.842604,0.570053,0.244966,0.179547,0.791266,-0.019406
1,-0.839271,-0.1652,0.459755,-0.633429,0.163797,-0.199536
1,5.057603,-0.898895,-0.404823,-0.009512,0.729327,-1.076953
1,0.516991,0.526568,0.194135,0.176074,0.910492,0.407047
1,0.626267,0.113573,0.477572,-0.177014,1.211496,0.258823
1,-1.823224,-1.199964,2.203785,-0.51984,1.161987,0.408672
1,1.484745,1.086316,0.914572,-1.721347,2.400143,2.888461
1,-1.086854,-1.225622,0.864424,0.309241,0.589273,0.743097
1,1.72819,4.253083,-1.155873,2.048547,3.458612,-0.650137
1,-1.694059,1.609036,-1.147941,-0.185309,1.03309,1.667648
1,0.979789,0.161449,0.575324,0.383978,1.230829,0.988486
1,-0.978384,-1.773482,-2.250215,2.605493,1.958105,-0.344809
1,-0.434722,2.937668,1.259066,0.202042,1.090875,1.381927
1,-2.093612,3.104088,-0.108299,0.823627,1.700049,1.009924
1,-0.16995,-1.472597,-0.256622,0.035431,1.994897,0.777109
1,2.457721,-7.048852,-3.311621,0.545172,3.121451,2.34837
1,-1.035067,0.667257,-0.707077,-1.04169,1.865128,1.145267
1,-1.312619,4.270558,1.414236,-0.18428,0.729962,0.873569
1,-1.819171,1.825115,0.079985,-0.120673,0.527255,0.524713
1,-0.916505,2.398444,-0.098168,0.105353,1.419943,0.647021
1,1.122993,-2.671096,1.132606,-0.265256,2.14342,1.729202
1,-1.31695,-1.76373,-1.249708,-0.251785,0.876328,-0.265936
1,-0.159324,-2.009197,-3.496994,0.144501,0.81275,1.246661
1,2.593687,-3.636743,-2.979261,0.822052,1.204395,-0.236877
1,-0.423874,-1.892088,-3.361897,-0.307303,1.550034,1.097684
1,0.08894,-0.151156,-1.996147,0.655319,1.659192,0.363251
1,0.324286,-1.968013,1.079116,-0.615054,1.039087,0.536642
1,-0.380484,0.640546,-0.275167,-0.370154,1.739642,0.93522
1,-0.850872,2.566297,0.058657,0.399423,1.362637,0.306424
1,-1.187731,1.561287,-0.58584,0.634409,1.049268,-0.107352
1,-0.603475,4.247562,1.326482,-0.330115,2.329626,1.311005
1,0.720384,0.540467,1.6156,1.447365,0.87542,0.865429
1,1.408334,-3.077434,0.354512,-0.407687,1.464023,0.288083
1,-1.042255,2.954927,0.610348,0.7508,1.390161,-0.413385
1,-1.178857,-0.587239,-0.9283,-0.488843,1.477957,0.287985
1,-0.599972,3.83314,1.098123,-0.297009,1.21777,1.038696
1,0.995856,-2.817027,-1.190371,0.58316,2.413248,1.381769
1,-0.828735,0.62052,0.135716,-0.220392,2.009155,-0.146481
1,-0.714143,-0.032185,-1.582926,0.393216,0.063062,-0.520767
1,-0.6761,1.60443,-0.763795,-0.532614,2.711813,1.539975
1,0.709103,-0.825976,-0.568684,0.115887,1.27608,0.663367
1,0.182598,-3.005028,-2.359567,0.172049,1.535712,0.545551
1,0.31011,1.196805,1.009193,-0.013507,1.319556,0.024045
1,-0.758951,-0.846024,-1.117386,-0.371365,0.622183,0.083939
1,0.388781,3.575446,1.360945,-0.468832,2.839417,1.479037
1,-0.21791,0.105427,1.103413,0.756421,0.687234,0.915726
1,0.680065,1.258615,1.475101,0.158017,2.131958,0.63472
1,-1.557589,0.595752,-0.376207,1.170432,0.795303,-0.633481
1,-0.124469,-0.412641,-0.988218,-1.027017,0.801889,0.253506
1,3.088491,-1.94231,0.288027,-0.219864,1.842249,1.49249
1,-0.318057,-0.978542,-1.775443,0.979486,1.640512,0.81658
1,-1.644601,-0.682677,0.331968,-0.412482,1.305246,0.204001
1,-0.181794,4.306888,0.827605,-0.940295,0.556271,0.888403
1,-1.282331,-0.136152,-1.054892,0.10737,1.439291,0.392572
1,-0.407631,0.376091,0.681115,0.664056,1.763898,1.180426
1,1.047873,0.908755,4.202112,0.901709,0.933823,0.552246
1,2.458857,-3.41887,0.596518,-0.126721,1.067679,0.597433
1,-0.816102,0.234744,-2.481576,0.777824,2.350567,1.547138
1,-0.246357,0.618984,1.418817,-0.86322,1.012241,0.447983
1,-0.244971,1.962564,-0.969784,1.288971,0.500659,-0.511963
1,-0.420984,-0.657073,0.845141,-0.794043,1.225107,0.527628
1,0.060009,-4.896069,-1.663941,-0.283911,1.830734,0.636603
1,0.126152,-1.973453,-1.364564,0.448834,1.281186,0.497598
1,-1.220378,1.901409,0.524269,-0.137881,1.415967,-0.367697
1,-1.951222,1.691042,-1.340454,-0.286938,2.352823,0.889322
1,0.087886,1.926793,0.328562,0.080722,0.25256,1.047943
1,2.336804,-1.328113,0.623656,0.607941,2.967075,0.383511
1,-0.761698,-0.536807,-0.714322,0.407904,0.896689,-0.287363
1,-0.639642,-0.293715,0.386463,-0.549121,1.165601,1.116418
1,0.175101,-1.70198,-1.289132,0.251419,1.436993,0.128949
1,-1.480662,-0.772318,-0.012199,-1.010764,3.244321,0.825409
1,-1.414891,-1.224268,2.020135,0.361548,0.573264,0.661908
1,-0.495832,3.640126,-0.50505,-0.017178,2.102591,0.071271
1,-1.824958,0.242521,-1.609016,-0.703772,1.70957,0.231259
1,-1.302952,-1.155603,-1.76066,-0.442316,0.785025,1.239746
1,0.961799,6.01452,2.444214,1.127686,1.992157,-0.015674
1,0.06306,3.884671,0.382313,-1.373984,2.897723,1.173743
1,0.486641,-1.538047,0.779456,0.842578,0.06225,0.49299
1,2.492759,-3.302634,0.886419,-0.221097,1.531009,-0.33255
1,-0.146938,-2.174969,-0.399858,-0.720493,1.122556,1.050098
1,0.613118,-1.528814,1.502129,0.97421,1.619962,0.174185
1,1.660399,5.736757,5.89083,-0.239514,1.36857,0.331439
1,0.115039,-0.723378,1.641494,0.350766,1.955295,0.360287
1,0.630076,6.042427,2.966479,-0.628441,1.539455,0.426132
1,-0.729352,3.698475,0.382452,0.282947,2.764441,0.419113
1,-0.980519,1.004725,-0.815335,-0.430029,1.367249,0.111469
1,-0.559562,3.730235,0.994617,-1.098865,0.54902,0.994147
1,-1.438004,0.808087,-1.619431,-0.541721,2.045337,0.499728
1,-1.216109,2.327968,-0.375591,-0.096613,2.271423,0.719128
1,-0.094741,4.060353,-0.465444,-0.260812,1.27019,0.489413
1,-1.634771,-0.708791,0.264147,0.3685,1.879877,-0.078403
1,-1.227497,-1.490055,1.744981,-1.068765,0.772604,0.459225
1,0.126999,-2.532579,-0.603636,-0.299631,2.297128,0.585538
1,-1.17246,-2.023636,-0.846356,-0.876962,2.350146,0.418066
1,-0.327526,-2.799714,0.143424,0.642957,0.4272,0.369406
1,0.017102,-1.174023,-0.642937,-0.040182,1.613358,-0.073279
1,-1.863862,-0.386544,-0.222624,-0.910736,1.738458,0.799872
1,-0.024914,0.849762,0.350515,0.408325,1.296732,0.093079
1,-1.081029,1.833569,0.531254,1.285388,1.366309,-0.01835
1,-2.973095,1.917282,-0.320336,0.038892,1.870764,0.629886
1,-0.358656,1.293197,1.813428,-1.87739,2.119333,1.235208
1,-1.555926,2.096529,0.558477,0.270648,1.337524,-0.075299
1,-2.175452,-0.005253,-1.738513,0.2302,2.017358,0.568399
1,0.00491,3.923046,1.538622,-0.781912,1.289395,0.375235
1,1.764413,-0.013083,5.102218,-0.113693,1.553015,0.417975
1,0.119911,-2.778121,-0.408843,0.426321,1.787305,0.854474
1,0.465891,-2.948374,-2.793285,-1.130093,1.687961,0.400064
1,1.197957,-4.87009,-2.431748,-0.20632,1.383066,0.365585
1,-0.819266,0.609668,-1.111016,0.832944,1.919675,0.770966
1,-1.076269,-1.750346,0.288101,-1.173927,1.209076,0.114399
1,-0.225598,3.469177,0.351162,-0.552002,2.139212,0.783679
1,-1.414617,2.034911,-1.181906,0.249649,1.096054,0.360544
1,0.746222,1.718879,2.093567,0.508618,1.435141,0.390973
1,1.346736,-2.719317,-1.782137,-1.015402,1.087796,0.249161
1,-0.394307,0.42484,-0.268667,0.291562,2.104193,0.597144
1,-2.086712,-0.490271,-1.234835,-0.450385,2.846597,0.904272
1,0.250528,0.405165,1.184682,-0.31705,1.010431,0.772064
1,-0.817369,-0.265655,-0.516136,-0.13891,2.478671,1.101309
1,0.696094,-1.082192,0.683989,-0.055716,1.158319,-0.083228
1,0.010768,1.804513,0.42324,-0.099738,1.349887,0.059976
1,-0.786002,-0.218518,0.12798,-0.159103,0.883975,0.448929
1,-0.727252,0.117774,0.543429,0.052942,0.677905,0.20303
1,-0.803815,-1.701118,-0.90361,0.38902,0.88736,0.142755
1,-0.19884,-0.308165,0.337207,-0.041293,1.126758,-0.100418
1,0.283385,0.035718,0.051411,0.12247,1.056604,-0.104108
1,-0.403566,0.12542,0.438152,-0.151767,1.131821,0.033649
1,0.043297,-1.179964,-0.607023,0.17222,1.147739,0.328894
1,-1.865155,0.637445,0.068882,0.090921,0.928671,-0.473227
1,-1.012623,0.599972,0.105785,-1.01062,-0.196663,-0.124939
0,0.932582,-2.223483,0.472386,-0.640005,-0.036359,0.030197
0,0.4664,-1.826357,-0.199434,0.169632,0.573926,-1.031812
0,0.06277,0.554277,0.64455,-0.218396,0.907422,-0.59389
0,0.063664,-0.513539,-0.051922,-0.202176,0.988501,-0.431372
0,0.207803,-0.805291,0.357737,-0.091351,1.175983,-0.299646
0,0.173443,0.341351,-0.038002,0.055975,1.094775,-0.374304
0,-0.406136,1.178725,-0.498588,0.003659,0.837442,-0.621045
0,0.333838,0.040243,0.340528,-0.146579,1.089594,-0.452243
0,0.34833,-0.591049,0.378767,-0.009021,0.770398,-0.471228
0,-0.279206,0.028573,0.050599,-0.02829,0.972928,-0.340933
0,-0.400419,-0.081574,0.165539,0.02019,0.903009,-0.591104
0,0.50171,0.804554,-0.085843,-0.194525,1.129044,-0.606003
0,0.507017,1.287931,0.507818,0.054892,0.986212,-0.34953
0,-0.443523,0.107763,-0.34463,-0.026398,0.985135,-0.369284
0,-0.441206,-1.635832,0.089727,-0.060324,1.000922,-0.491864
0,0.42878,-0.346766,-0.362677,0.003204,0.837192,-0.52897
0,-0.298159,0.761091,-0.236182,-0.217819,0.954697,-0.408173
0,0.356704,1.243572,0.654177,-0.016827,1.021722,-0.464661
0,-0.496051,-1.159479,-0.458063,-0.025156,0.977145,-0.184506
0,-0.429901,0.044587,0.300278,0.033051,1.101004,-0.212619
0,-0.248705,-0.222364,0.01902,0.046313,0.921103,-0.445535
0,0.120531,0.854154,0.099092,-0.140063,1.015732,-0.349786
0,0.784175,-0.11578,0.900929,0.021378,1.039944,-0.661288
0,-0.228652,-0.670883,-0.206645,-0.178326,0.671722,0.002022
0,0.558313,0.893116,-0.269916,-0.054019,1.010355,-0.408316
0,-0.290243,-1.004232,-0.09091,0.033047,0.869708,-0.325253
0,0.292919,-0.8486,-0.259603,-0.061014,0.865121,-0.376862
0,-0.042061,1.281527,0.166417,0.0258,1.174512,-0.445535
0,-0.210245,-1.007692,-0.521626,-0.10842,0.846106,-0.033887
0,0.719085,0.347906,0.672147,0.017026,0.936212,-0.493201
0,-0.558742,-1.588268,0.073275,0.070285,1.025433,-0.527237
0,-0.192536,0.012315,0.244975,0.138782,1.205707,-0.62038
0,-0.176732,0.718425,0.042376,-0.15159,0.939862,-0.191879
0,0.197654,-1.066547,-0.177007,0.114661,0.993564,-0.453046
0,0.183223,1.247198,0.808281,-0.005121,0.848364,-0.231293
0,-0.269127,-0.586319,-0.033105,0.080908,0.764694,-0.03913
0,-0.338494,-0.530854,-0.132705,-0.000269,1.102515,-0.344119
0,-0.258042,0.4746,0.04567,-0.05694,1.000424,-0.153683
0,0.113482,0.278783,-0.180357,0.444995,1.025858,-0.232861
0,0.042341,-0.134481,0.01256,-0.216428,0.814661,-0.014557
0,0.174559,0.465609,-0.299005,-0.162326,0.930341,-0.144919
0,-0.269209,-0.654413,-0.196445,0.107645,1.10033,-0.268408
0,-0.153703,0.271094,-0.274168,-0.234186,1.137482,-0.023706
0,0.079981,-0.001556,0.43092,0.161255,0.936426,-0.466458
0,0.348569,-0.216712,0.504159,-0.021973,0.977182,-0.02467
0,-0.787501,-0.406417,-0.098532,-0.013174,1.111908,-0.049823
0,0.003039,-0.097229,0.096646,0.187332,1.164981,-0.261349
0,0.443509,0.069749,-0.045027,-0.081836,0.905533,-0.301349
0,-0.489877,0.469787,-0.178633,-0.011066,1.142764,-0.332907
0,0.08618,-1.022749,0.487245,-0.04512,0.743595,0.191776
0,-0.761217,-0.202018,0.014429,-0.042981,1.027283,-0.273288
0,-0.021069,-0.149941,0.316913,-0.036221,1.087711,-0.049362
0,0.465336,0.230181,-0.856963,0.033508,1.204865,-0.244714
0,-0.2395,1.183164,0.17301,-0.088992,0.758676,-0.379587
0,0.248294,-0.961054,0.016466,-0.047064,1.019083,-0.297934
0,-0.107288,-0.0486,-0.28003,0.177585,0.962003,-0.09603
0,-0.259294,-0.204116,0.119301,0.111575,1.07507,-0.369693
0,-0.560407,-0.918406,0.239148,-0.163965,0.890714,0.104056
0,0.209616,0.016773,-0.917284,-0.08718,0.952368,-0.139487
0,0.577339,0.501875,0.163402,0.324673,1.292191,0.260483
0,0.231156,0.635353,0.339224,-0.073602,1.004062,-0.233768
0,-0.161096,-1.622061,-0.119416,-0.092059,1.120032,-0.053537
0,-0.481553,-0.380124,-0.316341,-0.044427,0.983792,-0.078235
0,-0.551548,0.021369,-0.328015,0.002536,1.031894,-0.102719
0,0.309299,-0.253298,-0.236613,0.137018,1.282684,-0.039752
0,0.555016,1.086544,0.722304,-0.020984,0.862039,-0.183929
0,-0.008732,0.0887,0.040106,0.061969,0.899115,-0.220996
0,-0.743052,-0.584634,-0.366028,-0.076938,0.827985,-0.084299
0,-0.063783,0.029758,-0.097681,-0.00918,0.841071,-0.143854
0,0.233594,0.48781,-0.317604,0.115472,1.477161,-0.24729
0,-0.040484,0.918052,0.720457,-0.057114,0.908292,-0.179239
0,-0.204316,-0.606091,-0.227985,-0.043097,1.147183,0.017145
0,-0.633565,-0.263807,0.07709,0.02814,1.066574,-0.17301
0,-0.331144,0.287909,0.325745,0.230841,0.809702,-0.216617
0,0.368516,-0.270841,-0.079796,-0.195377,1.340283,-0.25079
0,-0.471407,-0.458636,0.871978,-0.132992,0.898445,-0.00174
0,-0.019402,0.033367,-0.063228,-0.005966,1.368414,0.07934
0,-0.746868,-0.105467,-0.074954,-0.032761,1.013651,-0.000198
0,-0.351771,-0.552686,0.019178,-0.028891,0.985199,0.011154
0,-0.082275,-0.516053,-0.26275,-0.316989,1.1298,-0.121017
0,0.430281,0.612469,0.22622,0.035376,1.107739,-0.075052
0,-0.266221,1.027955,0.372047,-0.033334,0.922266,-0.364621
0,0.261801,0.676208,0.381402,-0.024335,1.172079,0.158554
0,-0.327617,-0.166286,-0.515059,-0.12923,1.107471,0.038055
0,0.262152,0.30633,-0.169566,-0.021564,0.997144,-0.063959
0,-0.721661,-0.760058,-0.270667,0.138934,1.031412,-0.293091
0,-0.227532,-0.285003,0.36628,-0.055344,1.013101,-0.074426
0,0.369097,-0.172302,-0.214156,0.001184,1.221082,-0.200241
0,-0.091393,1.224572,0.435435,0.002689,0.912268,-0.274454
0,-0.261978,-1.211006,-0.335657,0.004034,1.078625,-0.027969
0,0.159496,-0.36249,-0.194603,0.022977,1.115009,0.061145
0,-0.342487,-0.131982,-0.485065,0.046799,1.010532,-0.251495
0,0.256849,-0.308692,-0.419768,-0.011746,1.15415,-0.007785
0,-0.034639,1.186074,0.417961,0.218341,1.46759,-0.302145
0,-0.328398,-0.847411,-0.176373,0.133151,1.037982,-0.195898
0,0.673165,0.037416,0.626859,-0.252557,1.091296,-0.06857
0,-0.315901,0.614087,0.049747,0.061905,0.619174,-0.023141
0,-0.498556,-0.053842,0.273729,0.052322,1.282108,-0.006305
0,-0.463272,-0.746754,0.193813,0.102124,1.079184,-0.061929
0,0.16168,-0.070347,-0.657724,-0.031262,0.920068,-0.052606
0,0.245398,0.403788,-0.248906,-0.125363,1.094919,-0.07262
0,-0.355549,-0.303945,0.731161,0.02951,1.180042,-0.057187
0,-0.334113,-0.621338,-0.639294,0.179684,0.607731,0.031437
0,0.354153,0.419665,-0.07285,0.074951,1.140717,-0.256299
0,-0.073248,0.480959,-0.026856,-0.046896,1.155386,-0.18898
0,-0.790316,-0.903267,-0.122431,0.045047,1.125513,0.010406
0,-0.181933,-0.290632,-0.530905,-0.054263,1.074103,-0.103333
0,0.712754,0.732699,-0.212463,-0.116074,1.199756,-0.273215
0,-0.233951,-0.046589,1.306981,0.228647,1.135977,-0.195096
0,-0.168761,-0.100193,-0.530627,-0.120874,1.202216,-0.095569
0,-0.012262,1.905676,-0.014533,0.022766,1.034863,-0.233273
0,-0.32468,-1.141883,0.136024,0.079523,1.050699,-0.363016
0,-0.318784,-0.890995,0.222537,-0.034619,0.829715,-0.07272
0,-0.288209,-0.267767,0.032003,0.400507,1.227124,-0.392252
0,0.030143,0.084696,-0.33564,0.033759,0.812915,-0.079489
0,0.476311,1.01675,0.330605,-0.030841,1.032193,-0.376193
0,-0.539298,-1.678444,-0.470642,0.017001,1.114288,-0.088736
0,0.050349,0.331184,-0.010114,0.016565,1.196432,-0.400372
0,-0.412026,1.139162,-0.213748,-0.020471,0.916827,-0.120242
0,0.513092,0.5943,-0.563786,-0.103497,1.238318,-0.294479
0,0.435123,0.06814,1.022028,0.006628,0.814645,-0.141879
0,-0.683844,-0.077188,-0.431309,-0.030539,1.060565,-0.275342
0,-0.572007,-0.172076,-0.027378,0.053668,1.017355,-0.365799
0,-0.376964,-0.562885,0.034762,0.063474,1.060858,-0.397998
0,-0.066412,0.200522,0.413978,-0.275665,0.972662,-0.112097
0,0.648321,0.147233,-0.255314,-0.010233,1.150162,-0.16235
0,-0.189642,0.105079,-0.341524,-0.090622,0.89783,0.103079
0,-0.261775,0.694783,-0.138329,0.000864,0.968277,0.016971
0,-0.118966,-0.126712,-0.405001,-0.098465,1.124687,-0.227787
0,-0.347856,-0.09404,0.077591,-0.028381,1.21376,-0.253506
0,-0.271876,0.154669,-0.492593,0.104776,0.984448,-0.286307
0,0.671403,0.086473,0.696207,-0.118384,1.103268,-0.212167
0,-0.282927,-0.657654,-0.482118,0.372607,1.011356,-0.189008
0,-0.348309,1.209385,0.097138,0.093658,0.940048,-0.185476
0,0.091979,-0.378421,-0.192233,0.038705,1.067032,-0.181006
0,0.207048,0.107687,0.289704,0.185764,1.110111,-0.224693
0,-0.329347,0.530878,0.374813,-0.079526,1.127472,0.121942
0,0.117697,0.265136,0.13101,-0.088968,1.312314,-0.088293
0,-0.41927,-0.671826,-0.099656,-0.284116,0.685883,-0.106628
0,-0.704218,-0.335805,-0.252181,0.283801,1.30658,-0.470557
0,0.023312,-0.682002,0.161431,-0.089392,0.926483,-0.077301
0,-0.084827,0.94963,0.066663,0.060159,1.151242,-0.347626
0,-0.753602,0.044565,0.285093,-0.055783,0.864816,-0.302164
0,0.09776,-0.352738,-0.194401,-0.02868,1.005368,-0.006256
0,-0.198838,-0.132177,-0.517758,-0.018631,1.110211,-0.244641
0,-0.636314,-0.940006,-0.054012,-0.084915,1.043768,-0.285617
0,0.103013,0.53236,0.009295,-0.184485,1.182996,-0.076727
0,-0.393956,-0.420655,-0.141042,-0.023016,1.27428,-0.194696
0,0.320182,0.597325,-0.469787,0.214337,1.263037,-0.25267
0,0.315695,-0.34692,0.347377,-0.106085,1.015091,0.052295
0,-0.1424,0.013905,0.284182,0.061093,1.026117,0.04772
0,-0.605006,-0.606899,-0.605994,0.284811,1.101382,-0.409662
0,0.44409,0.488888,0.065042,-0.054141,0.858911,-0.157648
0,0.475506,-0.803879,0.399878,-0.033054,1.094302,-0.158829
0,-0.673543,0.21908,-0.072517,-0.058893,1.018326,-0.076886
0,-0.022729,-0.459142,0.022288,-0.091351,0.970673,-0.344519
0,0.404,0.473618,0.451095,0.003824,0.836719,-0.460495
0,-0.155674,-0.354243,0.193834,0.162637,1.182568,-0.282297
0,0.003223,-0.325328,-0.044853,-0.196136,1.099606,-0.068588
0,-0.208325,-0.002395,-0.080263,0.006705,1.101114,-0.215497
0,0.245671,-0.3024,-0.492174,-0.044238,1.0737,-0.163577
0,-0.19996,1.531864,0.184854,0.042866,1.125175,-0.360523
0,-0.039726,-1.07031,0.111893,0.024698,1.226932,0.017645
0,-0.187805,0.323721,0.110702,0.163776,1.257739,-0.396692
0,0.005688,-0.48584,-0.006724,-0.136993,1.113104,-0.199567
0,-0.1439,0.366986,-0.735416,0.050748,1.097931,-0.22908
0,-0.165318,1.588003,0.137272,-0.106525,0.771054,-0.280005
0,0.034767,-0.552543,-0.57962,0.091705,1.288217,-0.414178
0,-0.859279,-1.001117,0.162461,-0.224457,1.045596,-0.237674
0,-0.249623,-0.588482,-0.444314,0.153403,1.422739,-0.52861
0,0.204473,1.173447,0.607437,0.107175,0.992761,-0.240411
0,0.256464,-0.954762,-0.025449,0.015161,1.122644,-0.044031
0,-0.385413,-0.826535,-0.491337,0.041458,0.952225,-0.322849
0,-0.289607,-0.710965,-0.246385,0.247775,1.203638,-0.406534
0,0.013502,1.010194,0.095931,-0.160379,0.879486,-0.251981
0,0.041203,-1.168681,0.35008,-0.067453,0.84942,-0.361774
0,0.396744,-0.122251,-0.209095,-0.052478,0.991357,-0.099393
0,-0.248722,-0.020915,0.029009,0.04361,0.885672,-0.339252
0,-0.426114,0.67387,0.150751,-0.036128,0.931407,-0.325724
0,0.562966,0.976699,0.376273,0.154184,1.112946,-0.21322
0,0.196089,-0.399828,-0.086848,0.022388,1.260431,-0.27868
0,-0.203331,-0.00769,0.269906,0.180045,0.823969,-0.202539
0,0.089088,0.59639,-0.120844,0.00285,0.892132,-0.413258
0,-0.074295,-1.057457,0.105197,0.265646,1.081812,-0.550873
0,0.172653,0.097708,-0.410206,-0.150699,0.956824,-0.239731
0,-0.222292,-0.222955,0.390326,-0.020728,1.233997,-0.349847
0,0.446062,-0.300954,-0.374711,0.010022,0.877972,-0.390323
0,-0.710375,-0.265566,0.014664,0.055173,1.236475,-0.480554
0,-0.196316,-1.281586,-0.016842,-0.043512,0.915921,-0.277225
0,-0.054547,1.559117,0.347379,0.133588,1.182764,-0.071756
0,-0.732639,-0.941769,0.066292,-0.107318,0.96427,-0.122437
0,-0.443032,0.263934,-0.230462,-0.156137,0.97572,-0.202783
0,0.552339,-0.252519,0.177681,-0.18588,0.99151,-0.026257
0,-0.75715,-0.093942,-0.260152,-0.056699,0.99086,-0.225363
0,0.629004,-0.210085,0.010004,-0.060556,1.231302,-0.217313
0,-0.173629,0.278589,0.401218,-0.160394,1.146796,-0.298871
0,-0.481901,-0.021243,-0.076826,0.062317,1.104395,-0.18887
0,-0.164069,1.412258,0.238651,-0.088684,1.079681,-0.162262
0,0.415478,0.189581,0.121041,-0.181049,0.960129,-0.274808
0,-0.456956,-0.835472,0.11676,-0.043304,1.257309,-0.484814
0,0.425377,0.804557,-0.09688,-0.15007,1.064453,-0.203558
0,-0.014316,-0.576899,0.177298,0.050873,1.10361,-0.288974
0,-0.508087,-1.41576,-0.584958,-0.12128,0.943036,-0.111578
0,-0.236503,-0.983955,-0.417605,0.093173,0.993677,-0.07464
0,0.154813,-0.137313,0.300537,-0.006293,0.838757,-0.082883
0,-0.063319,-0.003824,-0.188457,-0.09437,1.257596,-0.170239
0,-0.158559,0.371841,0.601707,0.017661,0.718698,-0.166074
0,0.065606,1.416366,-0.160422,-0.095154,1.085748,-0.362131
0,-0.278537,0.418842,0.448541,-0.057974,1.13812,-0.099094
0,-0.490058,-0.156934,0.704052,0.208603,0.772987,-0.291859
0,-0.661806,0.208232,0.65995,-0.292477,1.480756,-0.277567
0,0.469635,0.855827,0.264132,0.001022,0.935141,-0.142313
0,-0.204047,-1.156142,0.567734,0.187543,1.074344,-0.098203
0,0.392173,-1.040141,-0.249264,0.549884,1.080249,0.151575
0,-0.338062,0.043298,-0.214258,-0.080542,0.82392,0.028842
0,-0.405409,-0.561579,-0.344258,0.061063,0.981384,-0.484155
0,0.308471,0.209891,0.280855,-0.183896,0.922794,-0.128812
0,0.060695,-0.440673,0.279672,-0.233551,1.11983,-0.280408
0,-0.311103,0.344511,-0.225413,0.205023,0.952609,-0.17099
0,-0.218761,0.760258,0.02555,-0.143799,1.023056,-0.132727
0,0.482601,0.476906,0.104827,-0.096213,1.005966,0.18204
0,-0.314218,-0.194486,0.008671,0.181232,1.412143,-0.282318
0,-0.286664,-1.42419,0.259699,0.036935,1.090054,-0.291632
0,0.307159,0.911744,0.091296,-0.084256,1.007678,-0.120889
0,0.047673,-0.342667,0.400712,-0.004868,0.833393,-0.099976
0,-0.39857,-0.600888,-0.130635,-0.054193,0.917679,-0.125467
0,0.094253,0.061878,0.158733,-0.07562,1.043579,-0.205899
0,0.273139,0.850932,0.048339,-0.028821,1.046188,-0.32673
0,0.3928,1.06835,0.1326,-0.139017,0.92623,0.029791
0,-0.399492,-0.698348,0.166412,0.029559,0.931793,-0.284558
0,-0.216759,0.275366,-0.083012,-0.078119,1.202335,-0.195667
0,0.150218,-0.006111,0.059825,-0.07522,0.80257,-0.333878
0,-0.479898,-0.646462,-0.182999,0.033649,0.767371,0.006317
0,0.093813,0.850139,-0.171962,0.103607,0.927417,-0.27543
0,-0.184377,-0.187463,-0.207646,0.032135,1.02291,-0.114285
0,0.13649,0.106366,0.267428,-0.078857,0.956838,-0.1723
0,-0.009154,0.484324,0.017573,0.01391,0.981046,-0.148953
0,-0.072787,0.058172,-0.248145,-0.066653,0.969744,-0.13104
0,0.080625,-0.254941,0.220016,-0.004095,0.99628,-0.084531
0,-0.068152,0.276962,-0.061505,-0.153101,0.992975,-0.068787
0,0.026285,0.179817,0.031943,-0.107529,0.984983,-0.148974
0,-0.179728,-0.674278,-0.163194,-0.011667,0.992169,-0.203232
0,0.361039,-0.432399,0.362332,-0.109543,0.974564,-0.2827
0,-0.537751,-0.271685,-0.182807,0.129739,0.844415,-0.215463
0,-0.145932,-0.425057,-0.115319,-0.095599,0.932477,-0.185464
0,0.439302,-0.66221,0.231539,-0.021457,0.763147,-0.388892
0,-0.31838,1.238249,0.223077,-0.122656,0.937552,-0.123129
0,-0.525493,-0.693723,-0.504855,0.063821,0.831931,-0.125668
0,0.466884,0.353631,-0.441656,0.199448,1.017664,-0.317377
0,-0.716968,0.169215,-0.764499,0.184088,1.04657,-0.338013
0,0.084764,1.284204,0.022623,0.29939,1.388629,-0.204486
0,0.308956,0.24104,0.154719,0.018518,0.765326,-0.212045
0,-0.313173,-0.059057,-0.03535,0.073444,1.056641,-0.145251
0,0.449955,0.123866,-0.2058,0.015485,1.014099,-0.076205
0,0.105794,0.281048,0.323808,0.111763,0.729179,-0.269329
0,-0.161204,-0.387191,-0.05822,0.058362,0.985962,-0.081049
0,-0.433439,0.006445,-0.080731,0.001981,0.96091,-0.365356
0,-0.044297,-0.708195,0.120158,-0.010876,1.046735,-0.153976
0,0.121292,0.892442,0.266789,0.082306,0.74136,-0.261197
0,-0.102149,0.136539,-0.05519,-0.013309,0.868918,-0.272937
0,-0.908198,-0.478297,-0.019101,0.419159,1.001147,-0.277386
0,-0.298805,0.318139,-0.195523,-0.079977,1.178973,-0.136172
0,0.280377,1.09667,-0.332866,-0.083865,1.198819,-0.192056
0,-0.353663,-0.023758,0.548914,-0.134586,0.839069,-0.289545
0,-0.188825,-0.128448,0.209105,-0.183649,1.185788,-0.113931
0,-0.319989,0.079384,-0.235088,0.052704,1.043259,-0.206821
0,0.050611,-0.345384,-0.078494,-0.076114,1.240024,0.011447
0,0.301906,0.561855,0.248824,-0.008865,0.941995,-0.317188
0,0.444227,-0.763299,-0.202597,-0.083417,1.086874,0.039801
0,-0.073598,-0.710651,0.358671,0.040717,0.938742,-0.212112
0,-0.733343,1.127466,0.198762,0.119269,1.168094,-0.236841
0,0.123771,-0.6378,-0.202737,-0.090237,1.257816,-0.054745
0,-0.66304,0.725951,-0.015633,-0.006006,0.951709,-0.451144
0,0.312032,-0.230345,-0.062004,0.048157,0.70383,-0.238956
0,-0.29372,1.04133,-0.392957,0.075629,1.271246,-0.399231
0,0.071542,0.480411,0.085763,-0.052896,0.960223,-0.331482
0,-0.295701,0.115595,0.087416,-0.032431,1.031009,-0.376266
0,-0.106376,-0.022436,-0.241402,-0.11749,0.915292,-0.25715
0,0.728817,-0.021232,0.475333,0.13606,0.982816,-0.212759
0,-0.189625,0.13743,0.40693,0.056268,0.816684,-0.183084
0,-0.239524,-0.002065,-0.312369,-0.024463,1.012964,-0.4069
0,-0.377136,0.274643,-0.000558,-0.009972,1.125507,-0.434422
0,-0.587519,-0.584579,0.267178,-0.110724,1.164685,0.020001
0,0.105924,0.732904,-0.30632,0.020941,1.236511,-0.184723
0,0.138512,-0.187765,0.547672,0.082791,1.019632,-0.188422
0,-0.074297,-0.284287,-0.254858,0.051083,1.053564,0.028433
0,-0.10797,-0.242521,-0.478511,-0.047867,0.954309,-0.048508
0,0.259086,0.982444,-0.050899,0.135696,0.833304,-0.060297
0,-0.866922,-1.3539,0.309791,0.036264,1.245734,-0.612775
0,0.021258,0.388719,-0.456515,-0.088101,0.937811,-0.143091
0,0.839996,0.642226,0.022491,-0.061725,1.266931,-0.295419
0,-0.089518,0.020719,0.447866,0.166144,1.058832,-0.075745
0,-0.304068,0.52673,0.595577,-0.157007,1.078043,0.211667
0,-0.458123,-0.2237,-0.901283,0.11351,0.863019,-0.102573
0,0.310519,1.061766,-0.218447,0.308496,1.039761,-0.297211
0,-1.039493,-0.479366,0.06741,0.031943,1.112451,-0.196997
0,-0.1858,0.280114,0.375197,-0.104178,1.170135,-0.010004
0,0.448316,-0.089761,-0.477424,0.034158,1.216235,-0.087723
0,-0.14616,0.40045,0.783333,0.026004,0.868204,-0.232742
0,-0.20447,-0.565842,-0.455948,-0.052725,0.998816,0.039136
0,-0.441907,0.368619,0.093624,0.025684,1.134064,0.016693
0,-0.599213,-0.246005,-0.257837,0.301718,1.130469,-0.392386
0,0.380564,0.494363,-0.553011,-0.041742,1.009039,-0.101578
0,-0.270277,0.6861,0.674125,0.05325,1.331985,-0.169647
0,-0.218237,-0.644316,-0.081373,0.097687,0.974112,-0.21254
0,0.360598,0.338365,-0.02222,0.188135,1.328632,0.095499
0,-0.143395,0.773453,-0.313586,-0.019339,1.14436,-0.005814
0,-0.344906,-1.380435,0.038214,-0.3366,0.90806,-0.081055
0,0.423659,1.209342,-0.185921,0.143677,0.774716,-0.117062
0,-0.431301,0.560269,0.542239,-0.331277,1.023398,-0.262506
0,0.09486,-0.099043,-0.850008,-0.027484,1.093832,-0.119983
0,0.741406,-0.217771,0.59025,0.290717,0.774817,-0.007254
0,-0.260723,0.06718,0.325859,-0.003372,1.116995,-0.430704
0,-0.685846,0.11275,0.122787,0.300256,1.205801,-0.044901
0,-0.104122,-0.129631,-0.038616,0.197,1.113721,-0.404324
0,-0.337307,-0.685173,-0.228144,-0.079153,0.956253,-0.144931
0,0.511541,-0.405851,0.818795,0.437248,1.065517,-0.265907
0,-0.479454,-0.415354,0.571349,0.086276,1.116544,-0.39939
0,-0.422818,-0.156731,0.179397,-0.071167,0.953131,-0.262576
0,-0.250891,-1.513005,0.29147,-0.059644,1.025299,-0.19429
0,0.07463,0.614498,-0.550671,0.117224,1.187387,-0.453009
0,0.606968,0.211784,0.072864,0.185303,0.847635,-0.402228
0,-0.422029,0.212731,-0.757543,0.069016,1.016595,-0.309106
0,-0.407368,0.607441,-0.303323,0.014725,0.940887,-0.130307
0,-0.306019,-0.220163,0.094141,-0.106955,0.897842,-0.080322
0,-0.178535,0.3208,0.10524,-0.004785,1.355759,-0.275821
0,0.538079,-0.669467,0.159358,0.017615,1.170596,-0.158798
0,-0.338196,0.130949,0.500424,-0.283521,1.180841,0.076688
0,-0.428415,-1.18938,-0.375759,0.07482,1.042236,-0.076974
0,-0.192847,0.364448,-0.238212,-0.070673,1.004193,-0.160608
0,-0.504204,-0.536138,0.059688,-0.118863,0.840125,-0.129288
0,0.421042,0.197975,0.871676,-0.131525,1.152298,-0.141583
0,-0.264767,0.851839,-0.240073,-0.091724,1.036179,-0.117807
0,0.367132,-0.075821,0.561873,-0.034042,1.09068,-0.02616
0,-0.716578,-0.556472,0.041585,0.115002,1.046545,-0.038879
0,-0.209794,-0.47555,-0.021209,0.026276,1.110901,-0.450955
0,0.60196,0.07183,-0.426038,-0.095535,0.752011,-0.20452
0,-0.144709,1.047703,0.290349,0.181018,1.09166,-0.392593
0,0.39324,-0.06441,0.352978,-0.10484,1.186469,0.008383
0,-0.809512,-0.233648,-0.243157,0.187485,1.23002,-0.021246
0,-0.11526,-0.581558,-0.127567,0.252255,0.960721,-0.273059
0,0.300282,0.462306,-0.261309,-0.12626,1.070782,-0.126819
0,-0.354348,1.253323,-0.195429,0.059265,1.028286,-0.384823
0,0.534615,0.610828,0.419836,0.298288,1.190866,-0.095813
0,-0.319447,-1.118089,-0.566633,0.229489,1.372559,-0.270999
0,0.310988,0.963154,0.034469,0.185535,0.902057,-0.109961
0,-0.346029,0.165525,-0.103714,-0.109598,1.269373,-0.249487
0,0.092307,-0.427621,0.075315,0.233289,1.167426,-0.011279
0,0.087292,-0.205906,0.012315,-0.092978,0.9604,-0.110617
0,-0.54454,-1.248941,-0.19589,-0.013177,0.965964,-0.209738
0,0.422783,-0.068627,-0.4181,-0.075705,1.008072,-0.456424
0,-0.111066,-2.0277,-0.015461,0.11041,1.098962,-0.200043
0,0.365107,-0.234391,-0.369768,0.104413,0.825638,-0.272571
0,-0.184948,1.450112,0.938016,-0.140991,0.893661,-0.044717
0,-0.633037,-0.542681,0.41378,-0.076678,1.048874,-0.305573
0,-0.11145,0.404452,0.093464,-0.025632,1.123105,-0.150693
0,-0.717234,-0.298896,0.190906,0.075995,0.967316,-0.390201
0,-0.041811,-0.427223,-0.024021,-0.041544,1.132874,-0.053186
0,-0.003767,0.211554,0.237034,0.170062,1.129016,-0.25593
0,-0.123936,-1.366443,0.827422,0.058371,0.972876,-0.365622
0,-0.302185,-0.166056,-0.867776,-0.009567,1.269635,-0.010989
0,0.293591,0.508907,-0.214828,-0.03548,1.151642,-0.004172
0,-0.508285,-0.519772,0.042815,0.072177,1.145734,-0.101425
0,0.297533,-0.30769,-0.320166,0.031155,1.147479,-0.014484
0,-0.674597,1.018226,0.295372,0.103854,1.286237,-0.107938
0,0.039635,-0.086456,-0.136583,0.000787,1.162006,-0.120197
0,-0.187617,-0.956284,0.447152,-0.062387,1.132199,-0.097217
0,-0.184396,0.301889,-0.402268,0.075043,1.159094,0.083072
0,-0.523161,-0.113141,0.14848,0.199988,1.202295,-0.079602
0,-0.378772,0.894799,0.287868,0.045386,1.180359,-0.049033
0,0.284812,0.150797,-0.824242,0.198413,1.274548,-0.185986
0,0.510783,0.870775,0.680828,0.033664,1.235098,0.018164
0,-0.305153,-0.2927,-0.403232,-0.098849,0.947672,-0.043051
0,-0.2927,-0.022952,0.216493,-0.103901,1.175419,0.095551
0,-0.379255,-0.301876,0.041987,-0.091464,1.136996,0.006409
0,-0.324088,-0.081177,0.240397,0.31897,1.539435,-0.020203
0,0.022905,0.904371,-0.519844,0.058646,0.894284,-0.168161
0,0.132708,0.19997,0.583255,-0.016379,1.065674,-0.340509
0,-0.242808,-0.195604,-0.069719,0.020761,1.129889,-0.039349
0,-0.642992,-0.603234,0.173028,-0.021005,1.187796,-0.570044
0,-0.069423,-0.074634,-0.258698,-0.139417,0.935428,-0.14068
0,0.044172,0.160079,-0.263313,0.050809,1.221732,-0.390717
0,-0.160199,1.047457,0.802072,0.018185,0.940958,-0.259039
0,-0.404797,-0.097282,-0.012468,-0.038519,0.947015,-0.297879
0,-0.362185,0.046087,0.043402,-0.069556,1.060782,-0.25488
0,0.031892,0.005208,-0.050428,0.112119,1.052673,-0.332147
0,-0.22919,-0.097378,-0.168309,-0.234384,0.805161,-0.140054
0,0.645361,0.721487,0.032673,-0.075137,1.023849,-0.105188
0,-0.191214,0.793355,0.642692,0.069873,0.959177,0.015271
0,-0.492964,-1.181958,-0.602475,0.090823,0.919522,0.008109
0,-0.303481,1.012651,0.158065,-0.053494,0.853021,-0.120505
0,0.12134,0.129246,-0.069237,-0.04046,1.193393,-0.155612
0,-0.236508,1.057776,0.328742,0.371124,0.895718,-0.196762
0,0.546955,0.308484,0.400967,-0.080496,0.73324,0.065533
0,-0.370135,0.135074,-0.499897,-0.154309,1.123453,-0.04696
0,-0.303904,0.615882,0.072066,-0.136301,1.059512,-0.101004
0,-0.351546,-0.276792,-0.215195,-0.035913,0.875339,-0.120847
0,-0.197584,0.488307,0.024918,0.069016,1.338776,-0.097565
0,0.177898,-0.826704,-0.045032,-0.03179,0.933865,-0.024634
0,-0.245285,-0.736831,-0.304819,0.008746,0.945447,-0.337457
0,0.070223,0.915044,-0.051058,0.095563,1.093985,-0.270847
0,-0.68465,-0.750473,0.35378,0.031247,1.052423,-0.206006
0,-0.587981,0.426256,-0.073482,-0.160748,1.16106,0.053088
0,0.200577,-0.290601,-0.713858,0.071979,1.119235,-0.108429
0,0.346739,1.303789,0.204549,-0.081906,1.24754,-0.15986
0,0.757238,-0.510177,-0.018232,0.178424,0.754285,-0.336694
0,-0.232513,0.174772,-0.238656,-0.064859,1.039948,-0.110025
0,-0.553851,-0.503039,0.325031,0.067654,0.786411,-0.198239
0,-0.17697,-0.010718,-0.012108,-0.160713,1.035027,-0.310043
0,0.384924,-0.080957,-0.498498,0.192404,1.228372,-0.347772
0,0.086492,-0.112263,0.262775,0.075113,1.017004,-0.338297
0,-0.232147,0.647575,0.75396,-0.040256,1.126871,0.11134
0,-0.234534,-1.055557,-0.573502,-0.171249,1.28782,0.156479
0,-0.080545,0.216761,0.031592,0.125754,1.015775,-0.051825
0,-0.611344,-0.43013,-0.061166,0.060901,0.952679,-0.362341
0,-0.188804,0.179484,0.571663,-0.127817,0.903168,-0.091467
0,0.397046,-0.018542,-0.740534,0.046829,1.212344,-0.327216
0,0.525437,0.12682,0.696722,-0.017084,0.943134,-0.168353
0,-0.607406,0.580175,0.329015,-0.136716,1.108838,-0.363083
0,-0.310419,0.263752,-0.646537,0.042914,1.015021,-0.102652
0,0.251447,-0.346698,0.280421,0.041135,1.086172,-0.074817
0,-0.190223,-0.0066,0.047708,-0.11217,1.071326,0.036276
0,-0.140942,0.175637,-0.125107,0.024362,1.224515,-0.103308
0,-0.064126,-0.26756,0.076071,-0.107513,1.132004,-0.049203
0,-0.494667,0.337516,0.556422,-0.017838,1.140393,0.112888
0,-0.343425,-0.91256,-0.348859,-0.084164,0.958017,0.052664
0,0.120661,0.788245,-0.166722,0.176816,0.772806,0.057193
0,-0.465626,-0.96405,0.060349,0.138837,1.167282,-0.404779
0,0.23298,-0.14522,-0.476773,-0.139285,0.970444,-0.100516
0,0.189029,0.376284,0.236141,0.009805,1.201382,-0.370908
0,-0.541244,-0.160884,0.670701,0.03815,1.015955,-0.238284
0,-0.017186,0.16232,-0.03948,-0.061295,1.117175,-0.152289
0,-0.795083,-0.870491,-0.075509,0.000336,1.190332,-0.030048
0,-0.344823,-0.7219,0.379228,0.021127,1.043399,-0.20098
0,0.233524,-0.487518,-0.174989,-0.135602,1.088797,0.045749
0,-0.604878,0.551234,0.854699,0.021329,1.132901,-0.073804
0,0.274219,0.835339,-0.09494,-0.017929,0.910001,-0.146063
0,0.424458,0.767777,0.039933,0.156845,1.127548,-0.177517
0,-0.208437,-1.456936,-0.080204,0.080676,0.827899,0.030151
0,-0.499233,-0.167582,-0.303065,0.102588,1.123901,-0.524487
0,0.157034,-0.11457,-0.557599,-0.177402,0.965198,0.076508
0,-0.261719,0.502203,0.541175,0.103477,1.308067,-0.124992
0,-0.334816,-0.243464,-0.45769,-0.05213,0.9492,-0.161737
0,0.044704,0.935811,-0.54535,-0.015433,1.18186,0.216245
0,0.680834,-0.179826,0.295816,-0.111819,0.973416,0.038156
0,-0.974755,-2.201592,-0.292326,0.053549,0.948904,0.008728
0,-0.315006,-0.168126,-0.05126,0.141,1.040909,-0.394598
0,0.195641,0.855996,-0.400832,-0.141791,0.914221,-0.115884
0,-0.739056,0.654915,0.316113,-0.029456,1.208493,-0.291129
0,0.051419,-0.28634,-0.317418,0.070132,0.973483,-0.285867
0,0.274903,0.115929,-0.036942,0.078098,1.389127,0.092087
0,-0.130984,-0.329232,0.450725,-0.091342,1.213434,0.042606
0,-0.847293,-0.527338,-0.516793,0.131598,1.014926,-0.185736
0,0.529431,-0.313985,-0.619975,-0.037469,0.921405,-0.110733
0,-0.34289,-0.130091,0.639951,-0.23103,1.022998,-0.174457
0,-0.318097,0.569203,0.472417,0.169449,1.136951,-0.144913
0,-0.144243,0.553067,-0.224609,0.088574,1.047122,-0.307199
0,0.551952,0.029626,0.017235,-0.077396,1.107108,0.147726
0,-0.636122,-0.112128,-0.00332,-0.275253,1.208618,0.07211
0,-0.375652,0.461212,-0.452884,-0.324277,0.767209,0.045688
0,0.079235,-0.284282,-0.163154,0.149396,0.989792,-0.424677
0,-0.290564,-0.825021,0.147675,-0.165222,0.996753,-0.224393
0,-0.362017,0.464124,0.018708,0.230386,1.146948,-0.458469
0,0.486197,0.390197,-0.116479,0.041,0.877963,-0.332001
0,0.235367,0.337315,0.498166,-0.02616,1.018027,-0.084274
0,-0.747804,-1.498438,-0.301028,-0.081436,1.20719,0.094629
0,0.16657,-0.304521,0.098779,0.246375,1.34436,0.146558
0,-0.051145,-0.205418,-0.357187,-0.154196,1.002026,-0.072882
0,-0.594755,0.402208,0.669001,-0.21199,1.411072,-0.208771
0,-0.116088,0.096031,-0.663673,0.037863,0.966714,0.101169
0,0.694776,0.048696,0.633449,-0.053577,0.923911,-0.307358
0,-0.618922,-1.332496,0.17874,-0.009488,1.126114,-0.328375
0,-0.602899,-0.508075,-0.356609,0.021558,0.993365,-0.173792
0,0.461963,-0.264863,-0.355685,-0.121664,1.172803,0.152151
0,-0.211432,-0.463104,0.454553,0.011264,1.283658,-0.010483
0,-0.112485,0.458207,0.165085,-0.214758,1.167001,-0.062521
0,0.458434,0.326278,-0.05422,-0.282523,1.030109,0.125235
0,-0.707276,-0.027832,0.43661,-0.073096,1.187805,0.012189
0,-0.601994,0.165857,-0.374981,0.034464,0.795978,0.076611
0,0.255283,-0.427172,-0.110612,0.050562,1.110626,-0.414017
0,-0.002816,0.062362,-0.042454,-0.188937,0.950226,-0.122488
0,-0.482895,-0.299471,0.404941,0.057385,1.231796,-0.142682
0,0.493285,0.275022,0.66503,-0.039191,0.918384,-0.208438
0,0.078213,-0.222407,-0.021527,-0.068085,1.13894,0.07691
0,-0.318204,0.298789,-0.42709,-0.050107,1.251642,0.182339
0,-0.338764,-0.355538,-0.085649,0.060168,1.299771,-0.021683
0,-0.469798,-0.424307,0.450034,0.022009,0.905844,-0.068994
0,0.128214,0.442215,-0.577313,-0.061584,1.12919,-0.242255
0,0.487868,1.16947,0.440595,-0.062958,1.07327,-0.076453
0,-0.438861,-0.827393,0.124152,-0.123813,0.90387,0.142462
0,-0.114857,0.051497,0.078108,0.066348,0.7272,0.000363
0,-0.892613,-0.723885,0.139486,0.195819,0.949396,-0.155139
0,-0.097738,-0.100316,-0.045445,0.239514,1.036304,-0.381979
0,0.559849,0.329409,-0.502092,-0.034293,1.004153,-0.097577
0,0.187622,0.573297,0.31093,0.129421,1.153927,-0.239475
0,-0.00255,-0.113958,-0.538722,-0.044626,1.031412,-0.003867
0,0.387388,0.410578,-0.137128,0.115491,1.238922,0.098969
0,-0.516621,-0.519576,-0.129564,0.003143,1.180023,-0.292133
0,-0.036106,0.102922,-0.355498,-0.159708,0.987866,-0.115744
0,-0.708356,0.362207,0.155351,0.139474,1.025381,-0.326859
0,0.315323,1.203602,0.587837,-0.049933,0.859531,-0.369174
0,-0.668862,-0.571767,-0.178688,0.202213,0.951559,-0.290707
0,0.409467,1.27004,0.040267,0.075931,0.798947,-0.133286
0,-0.714001,-1.096541,-0.083943,0.199551,0.872717,-0.23873
0,0.341375,-0.254829,-0.27782,-0.118164,0.736722,-0.197827
0,-0.091976,0.809772,0.558225,0.124524,0.825827,-0.212421
0,0.262306,0.482358,0.783517,-0.101514,0.981717,-0.020389
0,-0.548722,-0.438767,0.318067,-0.059375,1.241998,0.020224
0,-0.337311,-0.677925,0.040625,-0.164951,0.990417,-0.000687
0,-0.062824,-0.647362,0.175056,-0.110809,0.954968,0.014258
0,-0.18778,-0.228748,-0.425136,0.036179,1.158093,-0.168494
0,0.427314,0.328255,0.345268,-0.089511,1.105579,-0.019998
0,-0.301048,0.249753,0.088211,0.137323,1.11124,-0.255817
0,-0.005197,-0.357726,0.112563,-0.18927,1.168137,-0.080865
0,-0.683109,-0.392669,0.042376,-0.05766,0.941272,-0.126685
0,0.031998,-0.427228,-0.150887,-0.081213,0.929364,-0.076266
0,0.077748,0.904837,0.271054,0.02132,1.297845,-0.108209
0,-0.113783,-0.148043,-0.29348,0.039255,1.313065,-0.113168
0,0.648266,-0.373266,0.176347,-0.123325,1.073215,-0.018259
0,-0.396053,0.006834,-0.365438,-0.201782,1.186807,0.040372
0,-0.157565,0.668031,-0.248058,-0.009758,0.835434,-0.097755
0,0.030621,0.099785,0.459296,-0.277689,1.175296,-0.078555
0,0.33393,-0.127203,-0.739248,0.006201,0.971295,-0.071869
0,0.182597,0.156628,0.500927,0.121234,0.958554,0.007574
0,-0.252797,0.491525,0.119512,-0.111862,0.937439,-0.190717
0,0.005597,0.759599,-0.228122,0.369296,1.052597,-0.293704
0,-0.126696,0.764435,0.023375,-0.160797,0.819882,-0.11322
0,0.362863,-0.031148,-0.549796,0.205896,0.957059,-0.080026
0,0.615588,0.278195,0.599174,-0.054739,0.858444,-0.361252
0,-0.187584,-0.610712,-0.463645,0.143359,0.940796,-0.324338
0,-0.006276,0.657222,-0.173735,0.337421,1.213174,-0.278281
0,-0.348674,-0.277063,-0.484332,0.079709,0.899896,-0.201382
0,0.266589,0.603443,-0.320796,-0.095877,0.869467,-0.107993
0,-0.356826,1.604027,0.296682,0.146277,1.047137,-0.356573
0,0.431203,-0.545894,0.645151,-0.043054,0.891681,-0.111258
0,-0.478645,-0.418939,-0.498518,-0.147726,1.220541,0.092322
0,0.036001,0.384367,0.048026,-0.211725,1.200983,-0.11452
0,0.021026,-0.164265,0.162561,-0.022729,0.798773,-0.102243
0,0.277094,0.097769,-0.441006,-0.085803,1.159561,-0.243903
0,0.344399,1.202337,0.703416,-0.188098,1.240262,-0.15195
0,-0.384296,-0.45906,-0.046071,-0.203754,0.574805,0.181503
0,-0.078393,-0.184978,0.100883,0.057114,0.957233,-0.023172
0,-0.226007,-0.486186,-0.221254,0.000537,0.943164,-0.207425
0,0.134255,1.368217,0.374034,-0.002634,1.054791,-0.252542
0,0.247165,-0.678554,0.0363,0.005154,0.9409,-0.077545
0,-0.117291,1.217882,0.205342,-0.019363,0.87095,-0.197592
0,-0.204964,0.964554,-0.204775,-0.103931,1.008524,-0.150171
0,-0.251908,-0.473144,0.021353,-0.008976,1.299675,-0.264675
0,0.311305,0.231101,0.152891,-0.080106,1.337973,-0.180923
0,-0.34332,-0.421277,-0.105254,-0.314993,0.955939,-0.034818
0,-0.230178,-0.375401,-0.739326,0.160831,1.104767,-0.415378
0,0.267649,-0.173912,-0.434564,-0.203662,1.037979,0.038379
0,0.444068,0.847203,-0.339873,0.008917,1.043854,-0.141153
0,-0.053408,2.658559,0.204107,0.26911,1.360352,-0.253336
0,0.189728,0.209873,0.530247,-0.011829,0.596564,-0.011026
0,-0.3977,-0.088576,-0.391877,0.099551,1.005237,-0.327252
0,0.32101,0.079278,-0.109133,0.049619,1.260248,-0.10321
0,-0.694916,-0.231154,0.127192,-0.000742,1.080148,-0.143701
0,-0.181492,-0.999567,-0.555503,-0.011255,1.147296,-0.010095
0,0.347509,0.415494,-0.275118,0.0215,1.205215,-0.099518
0,-0.640116,-0.095619,0.365102,-0.010727,1.145795,-0.038089
0,0.520618,-0.028861,0.671805,0.005176,1.179044,0.01441
0,-0.09728,-0.568348,0.189693,-0.256067,1.148383,0.026205
0,-0.451615,0.099155,-0.520181,-0.066556,0.911417,0.00835
0,0.218824,0.216258,-0.28464,0.194547,0.928638,-0.195651
0,0.201193,0.355362,-0.123961,-0.171881,1.004199,-0.076611
0,-0.603786,1.167882,0.61416,0.036316,1.317438,-0.048175
0,-0.071448,0.162737,-0.287758,-0.000641,1.057089,-0.107513
0,0.606404,0.434768,0.658207,0.045316,0.961545,0.060086
0,-0.27572,-1.413431,-0.225698,-0.062177,1.189844,0.028265
0,-0.411053,-0.444685,-0.377121,-0.241678,1.099316,-0.099759
0,0.570785,0.835715,-0.120739,0.194388,0.830582,-0.235638
0,-0.248486,0.942235,0.645719,-0.037817,0.97308,-0.341751
0,-0.634861,-0.003417,0.276558,0.22683,1.009602,-0.360783
0,0.351219,-0.062741,0.517615,-0.083148,1.125476,-0.353607
0,-0.869048,-0.715284,0.474974,-0.03273,1.093494,-0.263135
0,-0.773322,-0.079472,-0.802382,-0.080383,0.990378,-0.234875
0,0.209153,0.703211,-0.245993,-0.067044,1.269116,0.065988
0,0.011606,1.321634,0.079271,0.016293,1.03851,-0.388361
0,0.208389,0.925301,0.846915,-0.000085,0.702356,-0.075766
0,0.011074,-0.148154,-0.380741,0.00798,1.266431,-0.081305
0,-0.588989,0.266946,-0.447496,0.089481,1.094525,-0.419897
0,0.28337,0.233076,-0.497239,-0.086179,0.807816,-0.159604
0,0.049131,0.81943,0.482173,0.076273,1.11012,-0.045947
0,0.181427,0.037496,0.570632,-0.036664,0.966055,-0.384747
0,0.29931,0.967949,-0.248587,0.189487,0.7492,-0.19798
0,0.083594,-0.312587,0.345827,-0.063141,1.067038,-0.107526
0,-0.348293,0.479801,0.171187,-0.154587,1.064389,0.014972
0,0.111669,-0.440234,-0.392707,-0.015298,1.146533,-0.162579
0,0.314759,-0.412113,0.695606,-0.096307,0.98779,0.000592
0,-0.270619,-0.065211,-0.500923,-0.00936,1.072427,0.101233
0,-0.010279,-0.254399,-0.098306,0.05412,1.07077,-0.124216
0,0.70108,1.280729,0.153419,-0.069748,0.905054,-0.249734
0,-0.463503,0.479523,0.307957,0.073175,0.932263,-0.17865
0,0.051282,0.05954,0.454374,0.101407,0.826529,-0.099747
0,0.432024,-0.016552,0.103027,0.103802,1.088068,-0.290921
0,-0.821919,-0.155321,-0.360703,-0.036093,1.048892,-0.137415
0,-0.10432,-0.809964,-0.015357,0.094263,1.039844,-0.144247
0,0.127289,0.277502,-0.26177,-0.029208,1.190417,0.076794
0,-0.542198,0.609975,0.655289,0.102165,1.215279,-0.142616
0,-0.083137,-0.342816,0.06821,-0.235782,1.097577,0.152209
0,0.49704,-0.129571,0.239026,-0.008981,1.183743,-0.006924
0,-0.791784,-0.740043,-0.085404,-0.088812,1.071146,-0.011407
0,0.231107,0.477074,-0.037537,0.064606,0.856458,-0.083777
0,-0.233935,-0.624681,0.106396,-0.297589,1.065424,-0.153885
0,-0.212167,1.134207,-0.336651,0.355942,1.169876,-0.11702
0,0.506215,1.872323,0.42843,0.128082,0.839682,-0.15896
0,-0.197902,-0.669002,0.151036,0.07381,0.855908,-0.127539
0,0.151924,1.026091,-0.039967,0.132355,1.056061,-0.151025
0,-0.896412,-0.905929,0.110802,0.14613,0.953802,-0.218875
0,0.216584,0.189124,-0.472315,-0.098041,0.755347,-0.157101
0,0.584425,0.476674,0.485402,0.233524,1.019461,-0.156671
0,-0.320585,0.750299,0.602603,-0.117178,0.840036,-0.213943
0,-0.384901,0.435824,-0.322436,-0.112415,1.098099,-0.101358
0,0.294839,0.471998,-0.217216,-0.005972,1.324329,0.137775
0,-0.730065,-0.580896,-0.00137,0.175613,1.087857,-0.162653
0,0.203641,-0.267129,-0.493247,-0.048688,1.297824,0.036234
0,-0.206308,0.901028,0.795142,0.170782,1.242261,-0.17182
0,-0.305983,-0.275312,-0.217438,0.184821,1.214886,-0.197098
0,0.399716,-0.04771,-0.195004,-0.198135,1.076419,0.088104
0,0.351486,0.295064,-0.327979,0.077905,0.833167,-0.112534
0,-0.614994,-0.038077,0.459426,0.039691,1.167905,-0.308664
0,-0.393707,-1.258993,-0.474783,0.016562,1.211368,-0.418845
0,-0.358328,0.377382,0.203486,-0.144357,0.983316,-0.162546
0,-0.209899,0.102193,-0.169415,0.103189,1.260614,-0.228314
0,0.140012,0.50717,0.125708,0.050058,0.86994,-0.147693
0,0.039156,-0.075795,0.317761,0.084335,1.362526,0.246731
0,-0.892381,0.126602,-0.664196,0.094592,1.05007,-0.097174
0,-0.473922,-0.848244,-0.149677,-0.132077,1.172107,-0.135281
0,-0.06614,0.449061,-0.212694,0.060376,1.289917,-0.201096
0,0.287848,1.227543,0.318713,0.114301,0.933884,-0.191183
0,0.617288,-0.167221,0.554314,-0.267032,1.225424,0.262442
0,-0.506946,-0.977368,-0.061993,-0.305832,1.093503,-0.027896
0,-0.254966,0.708697,-0.625683,0.359198,0.819583,-0.151587
0,0.201647,-0.074755,0.274525,0.223843,1.102869,-0.380374
0,-0.726904,0.227796,-0.335491,-0.157455,0.910855,-0.159134
0,0.336639,0.177154,-0.471709,0.136572,1.231589,-0.276636
0,0.43612,0.574116,1.527474,-0.031229,0.997739,-0.204059
0,-0.758423,-0.055873,-0.189381,-0.084903,1.116739,-0.107755
0,0.043379,0.922956,-0.236124,-0.07131,1.041382,0.049152
0,-0.015885,-0.981094,0.141302,0.003534,1.178342,0.094211
0,-0.288626,-0.589027,0.070549,-0.046939,1.02084,0.017496
0,0.61288,-0.448073,-0.12476,0.076718,1.438858,-0.110446
0,-0.385972,0.233501,0.235505,-0.006586,1.098187,0.03093
0,0.196388,-0.240009,0.010295,-0.024176,1.164249,0.186151
0,-0.090964,0.323351,0.352356,-0.227316,1.277008,-0.075433
0,-0.432255,-0.188105,-0.393898,-0.14288,1.208838,0.127618
0,0.366939,-1.087112,-0.164051,-0.109576,0.949847,-0.001227
0,-0.511493,0.648815,0.16003,-0.144019,1.178772,-0.142215
0,0.464421,0.530798,0.326018,0.118445,0.859802,-0.158603
0,0.588499,-0.487567,0.064929,0.006717,0.553888,0.03735
0,-0.180287,-0.438897,-0.365319,0.124838,1.129407,-0.121646
0,-0.809897,-0.350198,-0.245196,0.20319,0.932701,-0.17815
0,0.47267,0.940247,-0.191859,0.016568,1.340808,0.105646
0,-0.480014,0.739242,0.179731,-0.043918,1.065067,-0.088861
0,0.211001,-0.343014,-0.349474,-0.00433,1.137024,0.108737
0,0.061913,0.07099,-0.065403,0.08447,1.267242,0.170026
0,-0.596395,-0.637661,-0.382393,-0.008261,1.181348,0.036569
0,0.492036,-0.534677,-0.028011,-0.068695,1.150195,0.062503
0,0.41213,2.014,0.73664,-0.020511,1.206995,-0.172769
0,0.296149,0.670006,0.7874,0.122946,0.730118,-0.217575
0,-0.37477,-0.893292,-0.461873,0.012811,0.759348,-0.20434
0,-0.89296,-0.17289,-0.144427,0.024765,1.033286,-0.141068
0,0.220073,0.030145,-0.636115,-0.053293,0.807382,-0.077216
0,-0.252119,0.538942,-0.237591,0.119696,1.360068,-0.304657
0,0.559284,0.824317,0.378009,-0.047763,1.080704,-0.068713
0,-0.559438,0.243933,0.067626,0.08941,1.371371,0.08736
0,0.17826,1.544905,-0.137383,0.101651,1.089667,-0.085544
0,-0.043947,-0.381015,-0.378581,0.023111,0.894775,-0.149249
0,-0.64726,0.160668,0.268214,-0.067459,1.153403,-0.201871
0,0.52591,-0.25458,0.806902,-0.066663,1.062485,-0.038199
0,-0.444759,-0.605878,0.278645,-0.017102,1.349255,0.188242
0,-1.110776,1.868655,-0.323135,-0.371463,1.17439,0.209814
0,-3.452221,2.708772,0.992497,-0.613818,0.290833,-0.171286
0,-0.709856,-0.233689,0.194003,-1.027158,-0.10257,-0.099866
0,-0.152718,0.115427,0.096833,-0.89462,-0.296201,-0.156067
0,0.249331,0.500851,-0.460819,-0.719711,-0.333359,0.320374
